Title,Author
A Light in the Attic,N/A
Tipping the Velvet,N/A
Soumission,N/A
Sharp Objects,N/A
Sapiens: A Brief History of Humankind,N/A
The Requiem Red,N/A
The Dirty Little Secrets of Getting Your Dream Job,N/A
"The Coming Woman: A Novel Based on the Life of the Infamous Feminist, Victoria Woodhull",N/A
The Boys in the Boat: Nine Americans and Their Epic Quest for Gold at the 1936 Berlin Olympics,N/A
The Black Maria,N/A
"Starving Hearts (Triangular Trade Trilogy, #1)",N/A
Shakespeare's Sonnets,N/A
Set Me Free,N/A
Scott Pilgrim's Precious Little Life (Scott Pilgrim #1),N/A
Rip it Up and Start Again,N/A
"Our Band Could Be Your Life: Scenes from the American Indie Underground, 1981-1991",N/A
Olio,N/A
Mesaerion: The Best Science Fiction Stories 1800-1849,N/A
Libertarianism for Beginners,N/A
It's Only the Himalayas,N/A
